timestamp,Ticker,Open,High,Low,Close,Volume
10/1/2024 4:00,NVDA,121.765,122.4351,115.79,117,302094485
10/2/2024 4:00,NVDA,116.44,119.38,115.14,118.85,221845887
10/3/2024 4:00,NVDA,120.92,124.36,120.3401,122.85,277117973
10/4/2024 4:00,NVDA,124.94,125.04,121.83,124.92,244465552
10/7/2024 4:00,NVDA,124.99,130.64,124.95,127.72,346250233
10/8/2024 4:00,NVDA,130.26,133.48,129.42,132.89,285722485
10/9/2024 4:00,NVDA,134.11,134.52,131.38,132.65,246191612
10/10/2024 4:00,NVDA,131.91,135,131,134.81,242311337
10/11/2024 4:00,NVDA,134.01,135.78,133.66,134.8,170209474
10/14/2024 4:00,NVDA,136.47,139.6,136.3,138.07,232347668
10/15/2024 4:00,NVDA,137.87,138.57,128.74,131.6,377831021
10/16/2024 4:00,NVDA,133.98,136.62,131.58,135.72,264879720
10/17/2024 4:00,NVDA,139.34,140.89,136.87,136.93,306435921
10/18/2024 4:00,NVDA,138.665,138.9,137.28,138,176090184
10/21/2024 4:00,NVDA,138.13,143.71,138,143.71,264554514
10/22/2024 4:00,NVDA,142.91,144.42,141.78,143.59,226311589
10/23/2024 4:00,NVDA,142.03,142.43,137.46,139.56,285930038
10/24/2024 4:00,NVDA,140.82,141.35,138.46,140.41,172354888
10/25/2024 4:00,NVDA,140.93,144.13,140.8,141.54,205122109
10/28/2024 4:00,NVDA,143,143.14,140.05,140.52,173586745
10/29/2024 4:00,NVDA,140.285,142.2598,138.9,141.25,157593634
10/30/2024 4:00,NVDA,139.54,140.33,136.81,139.335,179418082
10/31/2024 4:00,NVDA,137.6,137.61,132.1106,132.76,270039641
11/1/2024 4:00,NVDA,134.7,137.31,134.57,135.4,207127838
11/4/2024 5:00,NVDA,137.21,138.96,135.57,136.05,187528173
11/5/2024 5:00,NVDA,137.45,140.3701,137.33,139.91,160537373
11/6/2024 5:00,NVDA,142.96,146.49,141.96,145.61,242043945
11/7/2024 5:00,NVDA,146.39,148.93,146.17,148.88,207323303
11/8/2024 5:00,NVDA,148.77,149.77,146.26,147.63,175665830
11/11/2024 5:00,NVDA,148.68,148.85,143.57,145.26,182325620
11/12/2024 5:00,NVDA,146.78,149.65,146.01,148.29,198634738
11/13/2024 5:00,NVDA,149.07,149.33,145.9,146.27,191903267
11/14/2024 5:00,NVDA,147.64,149,145.55,146.76,194463301
11/15/2024 5:00,NVDA,144.87,145.24,140.08,141.98,250132869
11/18/2024 5:00,NVDA,139.5,141.55,137.15,140.15,221865993
11/19/2024 5:00,NVDA,141.32,147.13,140.99,147.01,227834912
11/20/2024 5:00,NVDA,147.41,147.56,142.73,145.89,309871654
11/21/2024 5:00,NVDA,149.35,152.89,140.7,146.67,400946570
11/22/2024 5:00,NVDA,145.93,147.16,141.1,141.95,236406154
11/25/2024 5:00,NVDA,141.99,142.05,135.82,136.02,344941875
11/26/2024 5:00,NVDA,137.7,139.3,135.67,136.92,190287654
11/27/2024 5:00,NVDA,135.01,137.22,131.8,135.34,226370912
11/29/2024 5:00,NVDA,136.78,139.35,136.05,138.25,141863156
12/2/2024 5:00,NVDA,138.83,140.45,137.825,138.63,171682777
12/3/2024 5:00,NVDA,138.26,140.54,137.95,140.26,164413965
12/4/2024 5:00,NVDA,141.995,145.79,140.29,145.14,231224295
12/5/2024 5:00,NVDA,145.11,146.54,143.95,145.06,172621180
12/6/2024 5:00,NVDA,144.6,145.7,141.31,142.44,188505573
12/9/2024 5:00,NVDA,138.97,139.95,137.13,138.81,189308625
12/10/2024 5:00,NVDA,139.01,141.82,133.79,135.07,210020888
12/11/2024 5:00,NVDA,137.36,140.17,135.21,139.31,184905192
12/12/2024 5:00,NVDA,137.08,138.44,135.8,137.34,159211393
12/13/2024 5:00,NVDA,138.94,139.6,132.54,134.25,231514881
12/16/2024 5:00,NVDA,134.18,134.4,130.42,132,237951130
12/17/2024 5:00,NVDA,129.09,131.59,126.86,130.39,259410263
12/18/2024 5:00,NVDA,133.86,136.7,128.28,128.91,277444533
12/19/2024 5:00,NVDA,131.76,134.03,129.55,130.68,209719210
12/20/2024 5:00,NVDA,129.81,135.28,128.22,134.7,306528553
12/23/2024 5:00,NVDA,136.28,139.79,135.1201,139.67,176053506
12/24/2024 5:00,NVDA,140,141.9,138.65,140.22,105156989
12/26/2024 5:00,NVDA,139.7,140.85,137.73,139.93,116519090
12/27/2024 5:00,NVDA,138.55,139.02,134.71,137.01,170582603
12/30/2024 5:00,NVDA,134.83,140.27,134.02,137.49,167734700
12/31/2024 5:00,NVDA,138.03,138.07,133.83,134.29,155659211
1/2/2025 5:00,NVDA,136,138.88,134.63,138.31,198247166
1/3/2025 5:00,NVDA,140.01,144.9,139.73,144.47,229322478
1/6/2025 5:00,NVDA,148.59,152.156,147.8201,149.43,265377359
1/7/2025 5:00,NVDA,153.03,153.13,140.01,140.14,351782174
1/8/2025 5:00,NVDA,142.58,143.95,137.56,140.11,227349948
1/10/2025 5:00,NVDA,137.45,139.92,134.22,135.91,207602514
1/13/2025 5:00,NVDA,129.99,133.49,129.51,133.23,204808914
1/14/2025 5:00,NVDA,136.05,136.38,130.05,131.76,195590485
1/15/2025 5:00,NVDA,133.65,136.45,131.29,136.24,185217338
1/16/2025 5:00,NVDA,138.64,138.75,133.49,133.57,209235583
1/17/2025 5:00,NVDA,136.69,138.5,135.4649,137.71,201188760
1/21/2025 5:00,NVDA,139.16,141.83,137.09,140.83,197748985
1/22/2025 5:00,NVDA,144.66,147.79,143.67,147.07,237651395
1/23/2025 5:00,NVDA,145.05,147.23,143.72,147.22,155915549
1/24/2025 5:00,NVDA,148.37,148.97,141.88,142.62,234657635
1/27/2025 5:00,NVDA,124.8,128.4,116.7,118.42,818830895
1/28/2025 5:00,NVDA,121.81,129,116.25,128.99,579666350
1/29/2025 5:00,NVDA,126.5,126.89,120.05,123.7,467120640
1/30/2025 5:00,NVDA,123.1,125,118.1,124.65,392925469
1/31/2025 5:00,NVDA,123.78,127.85,119.19,120.07,390372899
2/3/2025 5:00,NVDA,114.75,118.57,113.01,116.66,371235677
2/4/2025 5:00,NVDA,116.96,121.2,116.7,118.65,256550040
2/5/2025 5:00,NVDA,121.76,125,120.76,124.83,263110629
2/6/2025 5:00,NVDA,127.42,128.77,125.21,128.68,251483574
2/7/2025 5:00,NVDA,129.22,130.37,125,129.84,228186298
2/10/2025 5:00,NVDA,130.09,135,129.96,133.57,216989086
2/11/2025 5:00,NVDA,132.58,134.48,131.02,132.8,178902379
2/12/2025 5:00,NVDA,130.02,132.24,129.08,131.14,160278552
2/13/2025 5:00,NVDA,131.555,136.5,131.17,135.29,197429975
2/14/2025 5:00,NVDA,136.48,139.25,135.5,138.85,195479557
2/18/2025 5:00,NVDA,141.27,143.44,137.925,139.4,219176627
2/19/2025 5:00,NVDA,139.51,141.36,137.22,139.23,167536006
2/20/2025 5:00,NVDA,140.03,140.66,136.7901,140.11,143903583
2/21/2025 5:00,NVDA,140.04,141.46,134.03,134.43,228217585
2/24/2025 5:00,NVDA,136.56,138.59,130.08,130.28,251381137
2/25/2025 5:00,NVDA,129.98,130.2,124.44,126.63,271428711
2/26/2025 5:00,NVDA,129.985,133.73,128.49,131.28,322553814
2/27/2025 5:00,NVDA,135,135.01,120.01,120.15,443175846
2/28/2025 5:00,NVDA,118.02,125.09,116.4,124.92,389091145
3/3/2025 5:00,NVDA,123.51,123.7,112.28,114.06,411381373
3/4/2025 5:00,NVDA,110.645,119.31,110.11,115.99,398163305
3/5/2025 5:00,NVDA,117.58,118.2781,114.51,117.3,284337886
3/6/2025 5:00,NVDA,113.53,115.35,110.22,110.57,321181861
3/7/2025 5:00,NVDA,111.25,113.48,107.56,112.69,341755468
3/10/2025 4:00,NVDA,109.9,111.85,105.46,106.98,366487363
3/11/2025 4:00,NVDA,106.99,112.236,104.77,108.76,354865692
3/12/2025 4:00,NVDA,114.12,116.76,112.88,115.74,323857454
3/13/2025 4:00,NVDA,117.03,117.76,113.79,115.58,299033131
3/14/2025 4:00,NVDA,118.61,121.88,118.15,121.67,277593455
3/17/2025 4:00,NVDA,122.74,122.89,118.03,119.53,255501481
3/18/2025 4:00,NVDA,118,119.02,114.54,115.43,299686944
3/19/2025 4:00,NVDA,117.27,120.445,115.68,117.52,273426225
3/20/2025 4:00,NVDA,116.55,120.2,116.47,118.53,248829749
3/21/2025 4:00,NVDA,116.94,117.99,115.42,117.7,266498528
3/24/2025 4:00,NVDA,119.88,122.22,119.34,121.41,228452534
3/25/2025 4:00,NVDA,120.545,121.29,118.92,120.69,167447198
3/26/2025 4:00,NVDA,118.73,118.84,112.71,113.76,296431667
3/27/2025 4:00,NVDA,111.35,114.45,110.66,111.43,236902055
3/28/2025 4:00,NVDA,111.485,112.87,109.0701,109.67,229872549
3/31/2025 4:00,NVDA,105.13,110.955,103.65,108.38,299212653
4/1/2025 4:00,NVDA,108.515,110.2,106.47,110.15,222614034
4/2/2025 4:00,NVDA,107.29,111.98,106.79,110.42,220601243
4/3/2025 4:00,NVDA,103.51,105.63,101.6,101.8,338769412
4/4/2025 4:00,NVDA,98.91,100.13,92.11,94.31,532273810
4/7/2025 4:00,NVDA,87.46,101.75,86.62,97.64,611041347
4/8/2025 4:00,NVDA,103.805,105.85,94.46,96.3,476243392
4/9/2025 4:00,NVDA,98.89,115.1,97.5301,114.33,612918336
4/10/2025 4:00,NVDA,109.37,110.86,99.15,107.57,437812353
4/11/2025 4:00,NVDA,108.5,111.5499,107.48,110.93,313417265
4/14/2025 4:00,NVDA,114.11,114.29,109.07,110.71,264705049
4/15/2025 4:00,NVDA,110.97,113.615,110.5,112.2,228966900
4/16/2025 4:00,NVDA,104.55,106.79,100.45,104.49,397016870
4/17/2025 4:00,NVDA,104.45,104.47,100.05,101.49,292517465
4/21/2025 4:00,NVDA,98.77,99.44,95.04,96.91,288501136
4/22/2025 4:00,NVDA,98.78,99.811,97.28,98.89,241004784
4/23/2025 4:00,NVDA,104.52,104.8,102.02,102.71,247525971
4/24/2025 4:00,NVDA,103.475,106.54,103.11,106.43,220815041
4/25/2025 4:00,NVDA,106.85,111.92,105.73,111.01,251064672
4/28/2025 4:00,NVDA,109.69,110.3699,106.02,108.73,207708479
4/29/2025 4:00,NVDA,107.67,110.1999,107.44,109.02,170444263
4/30/2025 4:00,NVDA,104.47,108.92,104.08,108.92,235044611
5/1/2025 4:00,NVDA,113.08,114.94,111.3,111.61,236121507
5/2/2025 4:00,NVDA,114.18,115.4,113.37,114.5,190194778
5/5/2025 4:00,NVDA,112.905,114.665,112.66,113.82,133163241
5/6/2025 4:00,NVDA,111.48,114.74,110.822,113.54,158525621
5/7/2025 4:00,NVDA,113.045,117.68,112.2818,117.06,207827821
5/8/2025 4:00,NVDA,118.25,118.68,115.85,117.37,198428122
5/9/2025 4:00,NVDA,117.35,118.23,115.21,116.65,132972189
5/12/2025 4:00,NVDA,121.97,123,120.28,123,225023345
5/13/2025 4:00,NVDA,124.98,131.2189,124.47,129.93,330430105
5/14/2025 4:00,NVDA,133.195,135.435,131.68,135.34,281180830
5/15/2025 4:00,NVDA,134.295,136.3,132.66,134.83,226632563
5/16/2025 4:00,NVDA,136.22,136.35,133.46,135.4,226542451
5/19/2025 4:00,NVDA,132.39,135.87,132.39,135.57,193154571
5/20/2025 4:00,NVDA,134.29,134.58,132.62,134.38,161514247
5/21/2025 4:00,NVDA,133.06,137.4,130.59,131.8,270608738
5/22/2025 4:00,NVDA,132.23,134.25,131.55,132.83,187343954
5/23/2025 4:00,NVDA,130,132.68,129.16,131.29,198821324
5/27/2025 4:00,NVDA,134.15,135.66,133.31,135.5,192953613
5/28/2025 4:00,NVDA,136.025,137.25,134.79,134.81,304021146
5/29/2025 4:00,NVDA,142.245,143.49,137.91,139.19,370615167
5/30/2025 4:00,NVDA,138.715,139.62,132.92,135.13,333170851
6/2/2025 4:00,NVDA,135.49,138.12,135.4,137.38,197663116
6/3/2025 4:00,NVDA,138.78,142,137.95,141.22,225578783
6/4/2025 4:00,NVDA,142.19,142.39,139.545,141.92,167120819
6/5/2025 4:00,NVDA,142.17,144,138.83,139.99,232410759
6/6/2025 4:00,NVDA,142.51,143.27,141.51,141.72,153986153
6/9/2025 4:00,NVDA,143.19,145,141.94,142.63,185114494
6/10/2025 4:00,NVDA,142.69,144.29,141.525,143.96,155881897
6/11/2025 4:00,NVDA,144.61,144.99,141.87,142.83,167694044
6/12/2025 4:00,NVDA,141.97,145,141.85,145,162364991
6/13/2025 4:00,NVDA,142.48,143.58,140.855,141.97,180820565
6/16/2025 4:00,NVDA,143.345,146.175,143.2001,144.69,183133666
6/17/2025 4:00,NVDA,144.49,145.22,143.78,144.12,139108000
6/18/2025 4:00,NVDA,144.005,145.65,143.12,145.48,161494121
6/20/2025 4:00,NVDA,145.45,146.2,142.65,143.85,242956157
6/23/2025 4:00,NVDA,142.5,144.78,142.03,144.17,154308941
6/24/2025 4:00,NVDA,145.56,147.96,145.5,147.9,187566121
6/25/2025 4:00,NVDA,149.27,154.45,149.26,154.31,269146471
6/26/2025 4:00,NVDA,155.975,156.715,154,155.02,198145746
6/27/2025 4:00,NVDA,156.04,158.71,155.255,157.75,263234539
6/30/2025 4:00,NVDA,158.4,158.66,155.96,157.99,194580316
7/1/2025 4:00,NVDA,156.29,157.2,151.49,153.3,213143621
7/2/2025 4:00,NVDA,152.98,157.6,152.97,157.25,171224111
7/3/2025 4:00,NVDA,158.37,160.98,157.77,159.34,143716055
7/7/2025 4:00,NVDA,158.2,159.31,157.342,158.24,140138975
7/8/2025 4:00,NVDA,159.33,160.22,158.39,160,138133025
7/9/2025 4:00,NVDA,161.22,164.42,161.16,162.88,183656443
7/10/2025 4:00,NVDA,164.32,164.5,161.61,164.1,167704075
7/11/2025 4:00,NVDA,163.715,167.89,163.47,164.92,193633263
7/14/2025 4:00,NVDA,165.37,165.49,162.02,164.07,136975754
7/15/2025 4:00,NVDA,171.19,172.4,169.195,170.7,230627350
7/16/2025 4:00,NVDA,171.06,171.75,168.9,171.37,158831509
7/17/2025 4:00,NVDA,172.02,174.16,170.83,173,160841119
7/18/2025 4:00,NVDA,173.64,174.25,171.26,172.41,146456416
7/21/2025 4:00,NVDA,172.75,173.38,171,171.38,123126136
7/22/2025 4:00,NVDA,171.34,171.39,164.58,167.03,193114327
7/23/2025 4:00,NVDA,169.53,171.26,167.97,170.78,154082197
7/24/2025 4:00,NVDA,172.44,173.83,171.3,173.74,128984628
7/25/2025 4:00,NVDA,173.61,174.72,172.96,173.5,122316792
7/28/2025 4:00,NVDA,174.02,177,173.97,176.75,140023521
7/29/2025 4:00,NVDA,177.96,179.38,175.02,175.51,154077512
7/30/2025 4:00,NVDA,176.51,179.89,176.04,179.27,174312208
7/31/2025 4:00,NVDA,182.9,183.3,175.93,177.87,221685446
8/1/2025 4:00,NVDA,174.09,176.54,170.89,173.72,204528985
8/4/2025 4:00,NVDA,175.16,180.2,174.52,180,148174609
8/5/2025 4:00,NVDA,179.62,180.26,175.9,178.26,156407621
8/6/2025 4:00,NVDA,176.325,179.9,176.25,179.42,137192265
8/7/2025 4:00,NVDA,181.57,183.88,178.795,180.77,151878365
8/8/2025 4:00,NVDA,181.55,183.3,180.4,182.7,123396679
8/11/2025 4:00,NVDA,182.05,183.84,180.25,182.06,138323191
8/12/2025 4:00,NVDA,182.96,184.48,179.46,183.16,145729202
8/13/2025 4:00,NVDA,182.615,183.97,179.35,181.59,179871724
8/14/2025 4:00,NVDA,179.75,183.02,179.46,182.02,129553959
8/15/2025 4:00,NVDA,181.88,181.9,178.0417,180.45,156602161
8/18/2025 4:00,NVDA,180.6,182.9375,180.59,182.01,132007959
8/19/2025 4:00,NVDA,182.43,182.5,175.49,175.64,185229219
8/20/2025 4:00,NVDA,175.165,176,168.801,175.4,215142725
8/21/2025 4:00,NVDA,174.85,176.9,173.81,174.98,140040850
8/22/2025 4:00,NVDA,172.61,178.59,171.2,177.99,172789427
8/25/2025 4:00,NVDA,178.35,181.91,176.57,179.81,163012789
8/26/2025 4:00,NVDA,180.055,182.39,178.81,181.77,168688186
8/27/2025 4:00,NVDA,181.98,182.49,179.1,181.6,235518949
8/28/2025 4:00,NVDA,180.82,184.47,176.41,180.17,281787824
8/29/2025 4:00,NVDA,178.11,178.15,173.145,174.18,243257873
9/2/2025 4:00,NVDA,170,172.379,167.22,170.78,231164853
9/3/2025 4:00,NVDA,171.06,172.41,168.875,170.62,164424873
9/4/2025 4:00,NVDA,170.57,171.86,169.41,171.66,141670144
9/5/2025 4:00,NVDA,168.03,169.03,164.07,167.02,224441435
9/8/2025 4:00,NVDA,167.55,170.96,167.35,168.31,163769133
9/9/2025 4:00,NVDA,169.09,170.98,166.7401,170.76,157548392
9/10/2025 4:00,NVDA,176.64,179.29,175.47,177.33,226852020
9/11/2025 4:00,NVDA,179.68,180.28,176.48,177.17,151159274
9/12/2025 4:00,NVDA,177.77,178.595,176.45,177.82,124911026
9/15/2025 4:00,NVDA,175.67,178.85,174.51,177.75,147061559
9/16/2025 4:00,NVDA,177,177.5,174.38,174.88,140737775
9/17/2025 4:00,NVDA,172.64,173.2,168.41,170.29,211843817
9/18/2025 4:00,NVDA,173.98,177.1,172.96,176.24,191763313
9/19/2025 4:00,NVDA,175.77,178.08,175.18,176.67,237182143
9/22/2025 4:00,NVDA,175.3,184.55,174.7053,183.61,269637001
9/23/2025 4:00,NVDA,181.97,182.42,176.21,178.43,192559552
9/24/2025 4:00,NVDA,179.77,179.78,175.4,176.97,143564116
9/25/2025 4:00,NVDA,174.48,180.26,173.125,177.69,191586733
9/26/2025 4:00,NVDA,178.17,179.77,174.93,178.19,148573732
9/29/2025 4:00,NVDA,180.425,184,180.32,181.85,193063455
9/30/2025 4:00,NVDA,182.08,187.35,181.48,186.58,236981032
10/1/2025 4:00,NVDA,185.24,188.14,183.9,187.24,173844901
10/2/2025 4:00,NVDA,189.6,191.05,188.06,188.89,136805821
10/3/2025 4:00,NVDA,189.19,190.36,185.38,187.62,137596896
10/6/2025 4:00,NVDA,185.5,187.23,183.33,185.54,157678104
10/7/2025 4:00,NVDA,186.23,189.06,184,185.04,140088008
10/8/2025 4:00,NVDA,186.57,189.6,186.54,189.11,130168861
10/9/2025 4:00,NVDA,192.225,195.3,191.06,192.57,182997234
10/10/2025 4:00,NVDA,193.505,195.62,182.05,183.16,268774359
10/13/2025 4:00,NVDA,187.965,190.1099,185.96,188.32,153482755
10/14/2025 4:00,NVDA,184.77,184.8,179.7,180.03,205641380
10/15/2025 4:00,NVDA,184.8,184.87,177.29,179.83,214450482
10/16/2025 4:00,NVDA,182.23,183.28,179.77,181.81,179723309
10/17/2025 4:00,NVDA,180.18,184.1,179.75,183.22,173135217
10/20/2025 4:00,NVDA,183.13,185.2,181.73,182.64,128541265
10/21/2025 4:00,NVDA,182.785,182.785,179.8,181.16,124240168
10/22/2025 4:00,NVDA,181.14,183.44,176.76,180.28,162249552
10/23/2025 4:00,NVDA,180.42,183.03,179.7901,182.16,111357857
10/24/2025 4:00,NVDA,183.835,187.47,183.5,186.26,131284997
10/27/2025 4:00,NVDA,189.99,192,188.4318,191.49,153451565
10/28/2025 4:00,NVDA,193.05,203.15,191.91,201.03,297970590
10/29/2025 4:00,NVDA,207.98,212.1899,204.775,207.04,308822352
10/30/2025 4:00,NVDA,205.15,206.16,201.41,202.89,178859778
10/31/2025 4:00,NVDA,206.45,207.97,202.07,202.49,179798344
11/3/2025 5:00,NVDA,208.08,211.335,205.56,206.88,180265342
11/4/2025 5:00,NVDA,203,203.9699,197.93,198.69,188894759
11/5/2025 5:00,NVDA,198.77,202.92,194.65,195.21,171348782
11/6/2025 5:00,NVDA,196.42,197.62,186.38,188.08,223024989
11/7/2025 5:00,NVDA,184.9,188.32,178.91,188.15,264939772
11/10/2025 5:00,NVDA,195.11,199.94,193.79,199.05,198884804
11/11/2025 5:00,NVDA,195.155,195.42,191.3,193.16,176446659
11/12/2025 5:00,NVDA,195.72,195.89,191.13,193.8,154928125
11/13/2025 5:00,NVDA,191.05,191.44,183.85,186.86,207420774
11/14/2025 5:00,NVDA,182.86,191.01,180.58,190.17,186588499
11/17/2025 5:00,NVDA,185.965,189,184.32,186.6,173623379
11/18/2025 5:00,NVDA,183.375,184.8,179.65,181.36,213594749
11/19/2025 5:00,NVDA,184.79,187.855,182.8301,186.52,247238094
11/20/2025 5:00,NVDA,195.95,196,179.85,180.64,343500467
10/1/2024 4:00,META,577.98,583.04,570.1,576.47,15259274
10/2/2024 4:00,META,574.86,576,569.34,572.81,6524650
10/3/2024 4:00,META,570.15,583.36,568.73,582.77,11580980
10/4/2024 4:00,META,583.73,596.85,581.43,595.94,14199788
10/7/2024 4:00,META,598.22,602.95,584.04,584.78,12014198
10/8/2024 4:00,META,589.69,593.56,585.97,592.89,7857377
10/9/2024 4:00,META,593.99,594.39,581.61,590.51,9529707
10/10/2024 4:00,META,587.57,590.23,582.52,583.83,7740449
10/11/2024 4:00,META,584.83,591.21,582.71,589.95,8587051
10/14/2024 4:00,META,594.22,600.1,589.96,590.42,8251971
10/15/2024 4:00,META,590.16,590.61,580.143,586.27,9564236
10/16/2024 4:00,META,581.395,582.08,574.03,576.79,11268384
10/17/2024 4:00,META,583.33,584.97,575.2,576.93,8701158
10/18/2024 4:00,META,581.1,583.9675,575.25,576.47,7694274
10/21/2024 4:00,META,576.03,577.2399,569.11,575.16,8171879
10/22/2024 4:00,META,574.29,583.53,572.12,582.01,8544463
10/23/2024 4:00,META,579.97,585,562.5,563.69,14248419
10/24/2024 4:00,META,567.125,568.8799,561.52,567.78,7184651
10/25/2024 4:00,META,573.935,581.29,571.72,573.25,11337874
10/28/2024 4:00,META,582,583.7499,574.12,578.16,10925131
10/29/2024 4:00,META,580.145,593.67,575.398,593.28,13019092
10/30/2024 4:00,META,600.98,601.2,589.38,591.8,26864925
10/31/2024 4:00,META,585,589.9,563.01,567.58,26838395
11/1/2024 4:00,META,567.605,573.67,562.56,567.16,15303235
11/4/2024 5:00,META,564.1,568.69,557.89,560.68,12064601
11/5/2024 5:00,META,567.305,573.48,566.67,572.43,9775379
11/6/2024 5:00,META,562.75,573,555.1679,572.05,18305429
11/7/2024 5:00,META,576.89,594.7999,575.21,591.7,14653708
11/8/2024 5:00,META,591.54,593.1,584.52,589.34,9415699
11/11/2024 5:00,META,586.36,587,576.51,583.17,10209051
11/12/2024 5:00,META,588.545,599.66,580.38,584.82,16287724
11/13/2024 5:00,META,582.605,585.64,575.17,580,10757583
11/14/2024 5:00,META,577,580.76,573.01,577.16,11053743
11/15/2024 5:00,META,571.22,572.57,551.5,554.08,17712864
11/18/2024 5:00,META,557.04,559.9,550.09,554.4,14346715
11/19/2024 5:00,META,551.86,561.43,550.6,561.09,9522445
11/20/2024 5:00,META,562.93,566.3499,554.2001,565.52,9797339
11/21/2024 5:00,META,569.52,570,549.05,563.09,11154749
11/22/2024 5:00,META,563.55,563.8273,554.59,559.14,9164004
11/25/2024 5:00,META,562.1,572.5915,556.39,565.11,13599830
11/26/2024 5:00,META,566,577.5,565.2,573.54,10356550
11/27/2024 5:00,META,574.89,574.98,564.1001,569.2,7200228
11/29/2024 5:00,META,569,578.46,566.9,574.32,7130519
12/2/2024 5:00,META,577.5,594.5,575.57,592.83,12522371
12/3/2024 5:00,META,595,614.2,591.2501,613.65,14907164
12/4/2024 5:00,META,612.96,617.78,605.1,613.78,14697006
12/5/2024 5:00,META,617.075,619.9,607.05,608.93,8081212
12/6/2024 5:00,META,610.1,629.7899,608.53,623.77,16935503
12/9/2024 5:00,META,623.925,626.4,606.1701,613.57,11426015
12/10/2024 5:00,META,617.56,625.59,612.74,619.32,10938854
12/11/2024 5:00,META,623.37,638.4,621.5349,632.68,10837228
12/12/2024 5:00,META,631.5,636.6599,627.2094,630.79,7474717
12/13/2024 5:00,META,627.22,631.08,616.886,620.35,8453349
12/16/2024 5:00,META,629.975,631.15,618.58,624.24,10885625
12/17/2024 5:00,META,626.17,632.37,616.54,619.44,12897842
12/18/2024 5:00,META,621,627.36,596.32,597.19,17075480
12/19/2024 5:00,META,610.39,611.52,595,595.57,14958082
12/20/2024 5:00,META,590.58,603.11,580,585.25,48989390
12/23/2024 5:00,META,589.6,601.09,586.25,599.85,10205750
12/24/2024 5:00,META,602.715,607.99,599.2849,607.75,4726056
12/26/2024 5:00,META,605.48,606.3,598.94,603.35,6091239
12/27/2024 5:00,META,599.41,601.85,589.8,599.81,8084229
12/30/2024 5:00,META,588.75,596.9399,585.58,591.24,7025864
12/31/2024 5:00,META,592.265,593.97,583.85,585.51,6019520
1/2/2025 5:00,META,589.72,604.91,587.82,599.24,12682269
1/3/2025 5:00,META,604.76,609.5,596.4136,604.63,11436784
1/6/2025 5:00,META,611.825,630.99,605.62,630.2,14560754
1/7/2025 5:00,META,631.7,632.1011,608.23,617.89,12071479
1/8/2025 5:00,META,613.395,616.4397,602.79,610.72,10085846
1/10/2025 5:00,META,610.03,629.91,597.34,615.86,19256564
1/13/2025 5:00,META,607.1,608.97,598.445,608.33,10785031
1/14/2025 5:00,META,605.065,605.49,588.55,594.25,13597992
1/15/2025 5:00,META,610.21,622.46,606.5,617.12,15524302
1/16/2025 5:00,META,611.5,616.25,609.71,611.3,8355349
1/17/2025 5:00,META,624.05,624.97,603.67,612.77,17280600
1/21/2025 5:00,META,617.825,621.5,609.0082,616.46,11674016
1/22/2025 5:00,META,623.3,633.7,619.435,623.5,12274011
1/23/2025 5:00,META,627.36,636.6,621.15,636.45,9910163
1/24/2025 5:00,META,636.4,652,634.2,647.49,19065329
1/27/2025 5:00,META,626.61,663.87,625.1,659.88,28399190
1/28/2025 5:00,META,666,682.58,659.465,674.33,20950107
1/29/2025 5:00,META,675,681.0459,665.67,676.49,21377820
1/30/2025 5:00,META,696.82,710.79,676.1,687,29322898
1/31/2025 5:00,META,691,705.2999,685.58,689.18,19331660
2/3/2025 5:00,META,675.91,704,675.25,697.46,21415739
2/4/2025 5:00,META,702.5,707.71,691.61,704.19,13826270
2/5/2025 5:00,META,703.55,718.14,699.01,704.87,17793766
2/6/2025 5:00,META,705.88,718.9,703.5,711.99,13080690
2/7/2025 5:00,META,716.795,725.01,711.75,714.52,16427067
2/10/2025 5:00,META,718.56,721.2,711.33,717.4,12904317
2/11/2025 5:00,META,713.32,723.66,710.04,719.8,12997959
2/12/2025 5:00,META,715.3,727.1,712.6,725.38,12016517
2/13/2025 5:00,META,721.5197,729,718.04,728.56,12569064
2/14/2025 5:00,META,726.14,740.91,725.62,736.67,16901249
2/18/2025 5:00,META,736,737,706.44,716.37,21938703
2/19/2025 5:00,META,704.095,707,695.39,703.77,17535480
2/20/2025 5:00,META,697.275,705.63,693.64,694.84,12587408
2/21/2025 5:00,META,696.58,703.87,682.36,683.55,15660355
2/24/2025 5:00,META,686.28,687.27,662.45,668.13,15676994
2/25/2025 5:00,META,665.972,668,641.86,657.5,20579662
2/26/2025 5:00,META,659.65,683.0078,658,673.7,14488705
2/27/2025 5:00,META,682.45,688.6469,657.57,658.24,12500013
2/28/2025 5:00,META,658.04,669.63,642.6017,668.2,17534168
3/3/2025 5:00,META,673.675,681.25,650.8439,655.05,10843763
3/4/2025 5:00,META,645.51,649.75,623.65,640,21495208
3/5/2025 5:00,META,641,659.5,637.66,656.47,13770026
3/6/2025 5:00,META,648,650.5625,624.11,627.93,13446454
3/7/2025 5:00,META,625.37,634.79,600.61,625.66,21375671
3/10/2025 4:00,META,608.07,610.1059,586.8701,597.99,21999943
3/11/2025 4:00,META,595.055,614.934,593.33,605.71,17401469
3/12/2025 4:00,META,629.9,633.33,609.35,619.56,15746966
3/13/2025 4:00,META,620.245,620.5,586.51,590.64,16480324
3/14/2025 4:00,META,602.805,608.86,594.78,607.6,12364505
3/17/2025 4:00,META,607.46,613.1,598,604.9,15473909
3/18/2025 4:00,META,600.05,600.25,574.66,582.36,20297708
3/19/2025 4:00,META,584.28,592.3223,574.77,584.06,20537498
3/20/2025 4:00,META,582.755,610.2,579.51,586,24336505
3/21/2025 4:00,META,583.425,597.545,580.95,596.25,25015864
3/24/2025 4:00,META,614.97,622.54,612.2001,618.85,15741274
3/25/2025 4:00,META,626.76,633.88,621.18,626.31,15312540
3/26/2025 4:00,META,624.89,626.7499,606.61,610.98,12661891
3/27/2025 4:00,META,602,614.25,600.1,602.58,10436524
3/28/2025 4:00,META,600.31,601.75,573.92,576.74,17602823
3/31/2025 4:00,META,563.5,578.7,553.3,576.36,21124677
4/1/2025 4:00,META,570.84,589.91,570,586,12836574
4/2/2025 4:00,META,574.91,592.66,573.36,583.93,13470778
4/3/2025 4:00,META,546.22,552.5596,530.3,531.62,34777460
4/4/2025 4:00,META,506.62,518,494.2,504.73,38589814
4/7/2025 4:00,META,485.1,539.37,481.9,516.25,36606136
4/8/2025 4:00,META,543.25,547.43,502.86,510.45,28034211
4/9/2025 4:00,META,509.265,587.89,502.11,585.77,39216578
4/10/2025 4:00,META,575.49,581.3,535.3,546.29,28173491
4/11/2025 4:00,META,535.505,547.4,528.5901,543.57,17642327
4/14/2025 4:00,META,556.175,557.77,528.28,531.48,14130928
4/15/2025 4:00,META,532.105,537.94,517.5,521.52,15558659
4/16/2025 4:00,META,508.51,513.37,495.63,502.31,18735075
4/17/2025 4:00,META,505.25,507.3,498.0133,501.48,14593508
4/21/2025 4:00,META,491.325,493.5,479.8,484.66,16165982
4/22/2025 4:00,META,491.87,506.88,486.36,500.28,17399408
4/23/2025 4:00,META,528.525,535.3376,516.52,520.27,18173910
4/24/2025 4:00,META,518.73,533.9,517.5,533.15,13910011
4/25/2025 4:00,META,546.8,549.86,536.25,547.27,17098921
4/28/2025 4:00,META,555.64,558.4899,540.59,549.74,15178995
4/29/2025 4:00,META,546,556.5699,544.12,554.44,11835036
4/30/2025 4:00,META,538.4,549.1,529.5,549,29243971
5/1/2025 4:00,META,592.075,592.95,570.5,572.21,31159033
5/2/2025 4:00,META,583.455,604.34,578.33,597.02,24739260
5/5/2025 4:00,META,591.22,603.21,588.05,599.27,13887724
5/6/2025 4:00,META,592.525,596.03,586.58,587.31,10600650
5/7/2025 4:00,META,590.36,603.075,586.67,596.81,13160976
5/8/2025 4:00,META,606.285,611.2959,596.62,598.01,14622805
5/9/2025 4:00,META,603.72,606.97,591.7062,592.49,10427286
5/12/2025 4:00,META,630.92,640.3896,621.03,639.43,21965085
5/13/2025 4:00,META,645.545,660.92,642.83,656.03,18570821
5/14/2025 4:00,META,661.21,662.67,654.31,659.36,12348179
5/15/2025 4:00,META,654.275,657.31,638.58,643.88,14341835
5/16/2025 4:00,META,637.955,640.44,626.15,640.34,18518972
5/19/2025 4:00,META,628.25,643,627.8,640.43,9592374
5/20/2025 4:00,META,636.01,639.3536,632.26,637.1,6743473
5/21/2025 4:00,META,631.79,646.61,630.17,635.5,11464569
5/22/2025 4:00,META,634.05,643.25,630.71,636.57,8228443
5/23/2025 4:00,META,624,632.445,622.65,627.06,8454067
5/27/2025 4:00,META,635.41,643.08,632.75,642.32,9508367
5/28/2025 4:00,META,642.6,650.88,642.5472,643.58,9042874
5/29/2025 4:00,META,651.645,653.32,639.5,645.05,8883436
5/30/2025 4:00,META,642.5,649.4099,632.78,647.49,16240951
6/2/2025 4:00,META,644.39,673.26,644.2616,670.9,15766258
6/3/2025 4:00,META,671.445,675.58,665.03,666.85,11585031
6/4/2025 4:00,META,669.32,689,668.57,687.95,14031931
6/5/2025 4:00,META,691.66,694.38,682.25,684.62,13120335
6/6/2025 4:00,META,696.17,702.806,691.87,697.71,11727961
6/9/2025 4:00,META,698.46,705.19,693.94,694.06,12773221
6/10/2025 4:00,META,701.345,703.23,691.56,702.4,10850146
6/11/2025 4:00,META,703.705,708.8707,691.99,694.14,9582508
6/12/2025 4:00,META,693.3,695.38,687,693.36,7322730
6/13/2025 4:00,META,687.95,694.57,681.01,682.87,9274441
6/16/2025 4:00,META,699.33,707.15,693.5103,702.12,13720288
6/17/2025 4:00,META,702,705.97,696.06,697.23,10066110
6/18/2025 4:00,META,698.18,701.59,694.9,695.77,10068255
6/20/2025 4:00,META,700.75,701.8197,678.67,682.35,22538640
6/23/2025 4:00,META,683.69,699.05,678.75,698.53,11080055
6/24/2025 4:00,META,704.885,713.19,702.11,712.2,13823180
6/25/2025 4:00,META,713.315,716.58,705.38,708.68,9320436
6/26/2025 4:00,META,714.355,728.22,711.05,726.09,13964793
6/27/2025 4:00,META,726.515,735.43,725.86,733.63,18775735
6/30/2025 4:00,META,744.55,747.9,734.25,738.09,15402105
7/1/2025 4:00,META,736.875,737.7499,715.37,719.22,13431248
7/2/2025 4:00,META,715.325,720.3,712.8,713.57,9336740
7/3/2025 4:00,META,726.61,729.03,714.42,719.01,8601653
7/7/2025 4:00,META,717.6,727,713.51,718.35,9457080
7/8/2025 4:00,META,721.57,722.9099,714.81,720.67,7770693
7/9/2025 4:00,META,722.715,737.53,722.715,732.78,11417963
7/10/2025 4:00,META,731.55,735.7999,719.6,727.24,9922249
7/11/2025 4:00,META,722.495,725.16,709.7,717.51,10873880
7/14/2025 4:00,META,717.6,728,716.547,720.92,8939399
7/15/2025 4:00,META,723.9,724.4716,709.82,710.39,11529511
7/16/2025 4:00,META,713.37,713.97,699.2701,702.91,13067627
7/17/2025 4:00,META,704.39,705.9,697.105,701.41,11803264
7/18/2025 4:00,META,702.19,704.71,691.65,704.28,12779752
7/21/2025 4:00,META,706.8,717,705.76,712.965,9404391
7/22/2025 4:00,META,716.19,716.6,701.41,704.81,8921064
7/23/2025 4:00,META,706.365,714.6285,704.93,713.58,8771615
7/24/2025 4:00,META,717.05,723.6239,714,714.8,10920836
7/25/2025 4:00,META,716.915,720.6499,711.9,712.68,8271698
7/28/2025 4:00,META,715.2,724.7352,712.68,717.63,8715743
7/29/2025 4:00,META,720,724.47,699.91,700,13267032
7/30/2025 4:00,META,708.09,708.5,691.2001,695.21,27077286
7/31/2025 4:00,META,775.2,784.75,765.51,773.44,38831098
8/1/2025 4:00,META,760.73,765.9999,745.31,750.01,19028710
8/4/2025 4:00,META,760,776.85,758.41,776.37,15801727
8/5/2025 4:00,META,776.445,783.1299,763,763.46,11640294
8/6/2025 4:00,META,770,773.64,760.4601,771.99,9733910
8/7/2025 4:00,META,773.49,775,759.55,761.83,9019691
8/8/2025 4:00,META,762.75,769.9,758.58,769.3,7320755
8/11/2025 4:00,META,770.075,773.4584,764.67,765.87,7611964
8/12/2025 4:00,META,773,793.67,772.43,790,14579765
8/13/2025 4:00,META,791.15,795.4561,778.23,780.08,8811750
8/14/2025 4:00,META,777.88,787.81,772.51,782.13,8116193
8/15/2025 4:00,META,784.15,796.25,780.82,785.23,13375361
8/18/2025 4:00,META,775.085,775.81,756.5601,767.37,16513737
8/19/2025 4:00,META,767.12,767.17,749.36,751.48,12286690
8/20/2025 4:00,META,747.57,750.1999,731,747.72,11898190
8/21/2025 4:00,META,744.705,745.5,733.1101,739.1,8876307
8/22/2025 4:00,META,739.23,756.9,734.39,754.79,10612667
8/25/2025 4:00,META,754.82,758.88,750.13,753.3,6861158
8/26/2025 4:00,META,750.8,754.87,747.94,754.1,7601800
8/27/2025 4:00,META,752.3,754.1499,742.84,747.38,8315435
8/28/2025 4:00,META,744,753.0548,740.795,751.11,7467955
8/29/2025 4:00,META,745.28,747.14,735.3466,738.7,9070546
9/2/2025 4:00,META,726.04,736,721.7306,735.11,9350857
9/3/2025 4:00,META,736,740.25,733.9893,737.05,7699332
9/4/2025 4:00,META,748.57,761.16,745.82,748.65,11439078
9/5/2025 4:00,META,752.615,757.95,745.03,752.45,9663441
9/8/2025 4:00,META,755.995,766.51,752.02,752.3,13087816
9/9/2025 4:00,META,757.49,766.3,753.43,765.7,10999026
9/10/2025 4:00,META,765.13,765.7,751,751.98,12478276
9/11/2025 4:00,META,754.65,757.1,748.37,750.9,7923284
9/12/2025 4:00,META,748.725,757.5703,743.76,755.59,8248557
9/15/2025 4:00,META,757.47,774.07,751.985,764.7,10533780
9/16/2025 4:00,META,767,781.36,765.1,779,11782482
9/17/2025 4:00,META,779.99,783.29,766.31,775.715,9400867
9/18/2025 4:00,META,780.75,788.78,773.36,780.25,10954950
9/19/2025 4:00,META,786.42,790.8,769.1901,778.38,23696824
9/22/2025 4:00,META,781.845,785.73,764.47,765.16,11706946
9/23/2025 4:00,META,769.25,770.6,751.07,755.4,10872592
9/24/2025 4:00,META,757.5,761.11,752.5251,760.66,8828227
9/25/2025 4:00,META,753.45,756.765,744.55,748.91,10591065
9/26/2025 4:00,META,750,751.9299,737.3532,743.75,9696338
9/29/2025 4:00,META,748.72,750.78,739.15,743.4,9246768
9/30/2025 4:00,META,742.25,742.97,726.3,734.38,16226750
10/1/2025 4:00,META,721.49,721.8499,710.2,717.34,20419633
10/2/2025 4:00,META,722.58,727.77,718.14,727.05,11415271
10/3/2025 4:00,META,729.625,731,710.18,710.56,16154305
10/6/2025 4:00,META,705.185,716.88,690.51,715.66,21654738
10/7/2025 4:00,META,717.72,718.4999,705.75,713.08,12062928
10/8/2025 4:00,META,713.45,719.65,707.81,717.84,10790571
10/9/2025 4:00,META,718.275,733.51,712.44,733.51,12717172
10/10/2025 4:00,META,730.92,735.27,704.51,705.3,16980091
10/13/2025 4:00,META,713.01,719.94,707.6413,715.7,9251796
10/14/2025 4:00,META,707.78,715.55,699.33,708.65,8829757
10/15/2025 4:00,META,717.06,723.9,709.51,717.55,10246766
10/16/2025 4:00,META,717.55,725.49,703.88,712.07,9017010
10/17/2025 4:00,META,707.075,718.54,706.12,716.915,12232441
10/20/2025 4:00,META,721.19,733.77,720.18,732.17,8900204
10/21/2025 4:00,META,736.015,738.5,728.75,733.27,7647269
10/22/2025 4:00,META,733.83,740.6,724.03,733.41,8734491
10/23/2025 4:00,META,734.7,742.41,733.1,734,9855974
10/24/2025 4:00,META,736.79,741.21,731.15,738.36,9151267
10/27/2025 4:00,META,749.73,755.75,748.01,750.82,11321080
10/28/2025 4:00,META,752.63,758.4,745.5201,751.44,12193818
10/29/2025 4:00,META,754.75,759.155,742.51,751.67,26818592
10/30/2025 4:00,META,669.15,680.9599,650.17,666.47,88439991
10/31/2025 4:00,META,674.51,674.89,645.57,648.35,56953101
11/3/2025 5:00,META,656,659.3299,636.18,637.71,33003457
11/4/2025 5:00,META,628.035,641.7399,626.01,627.32,27356513
11/5/2025 5:00,META,632.31,642.23,626.5375,635.95,20219855
11/6/2025 5:00,META,635.85,636,618,618.94,23628670
11/7/2025 5:00,META,616.485,622.1348,601.2,621.71,29946785
11/10/2025 5:00,META,631.09,635,618.105,631.76,19244940
11/11/2025 5:00,META,628,629.56,619.39,627.08,13302187
11/12/2025 5:00,META,628.13,628.99,607.77,609.01,24493232
11/13/2025 5:00,META,613.07,617.65,603,609.89,20973805
11/14/2025 5:00,META,601.79,613.68,595.2,609.46,20724146
11/17/2025 5:00,META,609.035,611.69,595.4,602.01,16501331
11/18/2025 5:00,META,591.6,603.66,583.78,597.69,25500597
11/19/2025 5:00,META,593.715,595.33,581.25,590.32,24744578
11/20/2025 5:00,META,603.5,606.72,583.35,589.15,20602924
10/1/2024 4:00,MSFT,428.45,428.48,418.81,420.69,19092945
10/2/2024 4:00,MSFT,422.58,422.82,416.71,417.13,16582257
10/3/2024 4:00,MSFT,417.63,419.55,414.29,416.54,13686421
10/4/2024 4:00,MSFT,418.24,419.75,414.97,416.06,19190913
10/7/2024 4:00,MSFT,416,417.11,409,409.54,20919761
10/8/2024 4:00,MSFT,410.9,415.66,408.17,414.71,19229261
10/9/2024 4:00,MSFT,415.86,420.38,414.3,417.46,14974257
10/10/2024 4:00,MSFT,415.225,417.35,413.15,415.84,13848376
10/11/2024 4:00,MSFT,416.135,417.13,413.25,416.32,14144944
10/14/2024 4:00,MSFT,417.77,424.04,417.52,419.14,16653086
10/15/2024 4:00,MSFT,422.18,422.48,415.26,418.74,18900201
10/16/2024 4:00,MSFT,415.17,416.36,410.48,416.12,15508932
10/17/2024 4:00,MSFT,422.36,422.5,415.59,416.72,14820004
10/18/2024 4:00,MSFT,417.14,419.65,416.2601,418.16,17145317
10/21/2024 4:00,MSFT,416.12,418.96,413.7501,418.78,14206115
10/22/2024 4:00,MSFT,418.49,430.5793,418.04,427.51,25482197
10/23/2024 4:00,MSFT,430.855,431.08,422.53,424.6,19654379
10/24/2024 4:00,MSFT,425.325,425.9782,422.4,424.73,13581631
10/25/2024 4:00,MSFT,426.76,432.52,426.565,428.15,16899064
10/28/2024 4:00,MSFT,431.655,431.94,426.3,426.59,14882444
10/29/2024 4:00,MSFT,428,433.17,425.8001,431.95,17644080
10/30/2024 4:00,MSFT,437.435,438.5,432.1,432.53,29749149
10/31/2024 4:00,MSFT,415.36,416.16,406.3,406.35,53970981
11/1/2024 4:00,MSFT,409.01,415.5,407.5,410.37,24230442
11/4/2024 5:00,MSFT,409.8,410.415,405.5713,408.46,19672286
11/5/2024 5:00,MSFT,408.37,414.9,408.08,411.46,17626011
11/6/2024 5:00,MSFT,412.42,420.45,410.52,420.18,26681842
11/7/2024 5:00,MSFT,421.28,426.85,419.88,425.43,19901782
11/8/2024 5:00,MSFT,425.32,426.5,421.78,422.54,16891414
11/11/2024 5:00,MSFT,422.515,424.81,416,418.01,24503321
11/12/2024 5:00,MSFT,418.25,424.44,417.2,423.03,19401204
11/13/2024 5:00,MSFT,421.64,429.325,418.21,425.2,21502185
11/14/2024 5:00,MSFT,425,428.17,420,426.89,30246881
11/15/2024 5:00,MSFT,419.82,422.8,413.64,415,28247644
11/18/2024 5:00,MSFT,414.87,418.4037,412.1,415.76,24742013
11/19/2024 5:00,MSFT,413.11,417.94,411.55,417.79,18133529
11/20/2024 5:00,MSFT,416.87,417.29,410.58,415.49,19191655
11/21/2024 5:00,MSFT,419.5,419.78,410.2887,412.87,20780162
11/22/2024 5:00,MSFT,411.365,417.4,411.06,417,24814626
11/25/2024 5:00,MSFT,418.38,421.08,414.85,418.79,27691090
11/26/2024 5:00,MSFT,419.585,429.0414,418.85,427.99,23458889
11/27/2024 5:00,MSFT,425.105,427.2299,422.02,422.99,18332444
11/29/2024 5:00,MSFT,420.09,424.8849,417.8,423.46,16271921
12/2/2024 5:00,MSFT,421.57,433,421.31,430.98,20207223
12/3/2024 5:00,MSFT,429.84,432.47,427.74,431.2,18301987
12/4/2024 5:00,MSFT,433.03,439.67,432.63,437.42,26009429
12/5/2024 5:00,MSFT,437.92,444.66,436.171,442.62,21697775
12/6/2024 5:00,MSFT,442.3,446.1,441.7703,443.57,18821002
12/9/2024 5:00,MSFT,442.6,448.33,440.5,446.02,19144388
12/10/2024 5:00,MSFT,444.39,449.62,441.6,443.33,18469459
12/11/2024 5:00,MSFT,444.05,450.35,444.05,448.99,19200208
12/12/2024 5:00,MSFT,449.11,456.1648,449.11,449.56,20834779
12/13/2024 5:00,MSFT,448.435,451.43,445.58,447.27,20177833
12/16/2024 5:00,MSFT,447.27,452.18,445.28,451.59,23598834
12/17/2024 5:00,MSFT,451.01,455.29,449.57,454.46,22733494
12/18/2024 5:00,MSFT,451.32,452.65,437.02,437.39,24444545
12/19/2024 5:00,MSFT,441.62,443.1834,436.32,437.03,22963681
12/20/2024 5:00,MSFT,433.11,443.74,428.63,436.6,64263694
12/23/2024 5:00,MSFT,436.74,437.65,432.83,435.25,19152519
12/24/2024 5:00,MSFT,434.65,439.6,434.19,439.33,7164543
12/26/2024 5:00,MSFT,439.08,440.94,436.63,438.11,8199927
12/27/2024 5:00,MSFT,434.6,435.22,426.35,430.53,18117713
12/30/2024 5:00,MSFT,426.06,427.55,421.9,424.83,13158703
12/31/2024 5:00,MSFT,426.1,426.73,420.66,421.5,13246509
1/2/2025 5:00,MSFT,425.53,426.07,414.85,418.58,16896469
1/3/2025 5:00,MSFT,421.08,424.03,419.54,423.35,16662943
1/6/2025 5:00,MSFT,428,434.32,425.4774,427.85,20573648
1/7/2025 5:00,MSFT,429,430.65,420.8,422.37,18139065
1/8/2025 5:00,MSFT,423.46,426.97,421.54,424.56,15054575
1/10/2025 5:00,MSFT,424.63,424.71,415.02,418.95,20201132
1/13/2025 5:00,MSFT,415.235,418.5,412.29,417.19,17604780
1/14/2025 5:00,MSFT,417.81,419.74,410.72,415.67,16935856
1/15/2025 5:00,MSFT,419.13,428.15,418.265,426.31,19637838
1/16/2025 5:00,MSFT,428.695,429.49,424.39,424.58,15300023
1/17/2025 5:00,MSFT,434.085,434.48,428.17,429.03,26197507
1/21/2025 5:00,MSFT,430.2,430.8999,425.595,428.5,26085703
1/22/2025 5:00,MSFT,437.56,447.27,436,446.2,27803811
1/23/2025 5:00,MSFT,442,446.75,441.5048,446.71,18389270
1/24/2025 5:00,MSFT,445.16,446.65,441.4,444.06,15549453
1/27/2025 5:00,MSFT,424.01,435.2,423.5,434.56,35647805
1/28/2025 5:00,MSFT,434.6,448.38,431.38,447.2,23491703
1/29/2025 5:00,MSFT,446.69,446.88,440.4,442.33,23581370
1/30/2025 5:00,MSFT,418.77,422.86,413.16,414.99,54586260
1/31/2025 5:00,MSFT,418.98,420.69,414.91,415.06,34223388
2/3/2025 5:00,MSFT,411.6,415.41,408.66,410.92,25679149
2/4/2025 5:00,MSFT,412.685,413.9199,409.74,412.37,20532096
2/5/2025 5:00,MSFT,412.35,413.827,410.4,413.29,16336188
2/6/2025 5:00,MSFT,414,418.2,414,415.82,16309755
2/7/2025 5:00,MSFT,416.48,418.65,408.1,409.75,22886844
2/10/2025 5:00,MSFT,413.71,415.4624,410.92,412.22,20817919
2/11/2025 5:00,MSFT,409.64,412.49,409.3,411.44,18140592
2/12/2025 5:00,MSFT,407.21,410.75,404.3673,409.04,19121734
2/13/2025 5:00,MSFT,407,411,406.36,410.54,23891731
2/14/2025 5:00,MSFT,407.79,408.91,405.88,408.43,22758464
2/18/2025 5:00,MSFT,408,410.597,406.5,409.64,21423051
2/19/2025 5:00,MSFT,407.88,415.49,407.65,414.77,24114197
2/20/2025 5:00,MSFT,415.29,419.31,412.54,416.13,23508728
2/21/2025 5:00,MSFT,417.335,418.048,407.89,408.21,27524799
2/24/2025 5:00,MSFT,408.51,409.37,399.32,404,26443656
2/25/2025 5:00,MSFT,401.1,401.915,396.7,397.9,29387402
2/26/2025 5:00,MSFT,398.01,403.6,394.245,399.73,19618954
2/27/2025 5:00,MSFT,401.265,405.74,392.17,392.53,21127406
2/28/2025 5:00,MSFT,392.655,397.63,386.57,396.99,32845658
3/3/2025 5:00,MSFT,398.82,398.82,386.155,388.49,23007726
3/4/2025 5:00,MSFT,383.4,392.58,381,388.61,29342923
3/5/2025 5:00,MSFT,389.34,401.67,388.81,401.02,23433132
3/6/2025 5:00,MSFT,394.28,402.15,392.6777,396.89,23304625
3/7/2025 5:00,MSFT,392.32,394.8,385.54,393.31,22034087
3/10/2025 4:00,MSFT,385.84,386.4,377.22,380.16,32840134
3/11/2025 4:00,MSFT,379,386,376.91,380.45,30380177
3/12/2025 4:00,MSFT,382.95,385.2165,378.9507,383.27,24253567
3/13/2025 4:00,MSFT,383.155,385.32,377.45,378.77,20473017
3/14/2025 4:00,MSFT,379.775,390.23,379.51,388.56,19952846
3/17/2025 4:00,MSFT,386.7,392.705,385.57,388.7,22474272
3/18/2025 4:00,MSFT,387.07,387.37,381.1,383.52,19486850
3/19/2025 4:00,MSFT,385.525,389.68,384,387.82,19185532
3/20/2025 4:00,MSFT,385.735,391.785,383.28,386.84,18470542
3/21/2025 4:00,MSFT,383.215,391.74,382.8,391.26,39675928
3/24/2025 4:00,MSFT,395.4,395.4,389.81,393.08,21004548
3/25/2025 4:00,MSFT,393.915,396.36,392.64,395.16,15774968
3/26/2025 4:00,MSFT,395,395.31,388.57,389.97,16132906
3/27/2025 4:00,MSFT,390.13,392.24,387.395,390.58,13766761
3/28/2025 4:00,MSFT,388.08,389.13,376.93,378.8,21632016
3/31/2025 4:00,MSFT,372.535,377.07,367.24,375.39,35184676
4/1/2025 4:00,MSFT,374.65,382.85,373.23,382.19,19689503
4/2/2025 4:00,MSFT,377.965,385.08,376.62,382.14,16092555
4/3/2025 4:00,MSFT,374.785,377.48,369.35,373.11,30197997
4/4/2025 4:00,MSFT,364.125,374.59,359.48,359.84,49209854
4/7/2025 4:00,MSFT,350.88,370.9999,344.79,357.86,50424998
4/8/2025 4:00,MSFT,368.255,373.65,350.25,354.56,35868918
4/9/2025 4:00,MSFT,353.535,393.225,353.1,390.49,50199696
4/10/2025 4:00,MSFT,382.06,383.9,367.8,381.35,38024368
4/11/2025 4:00,MSFT,380.635,390.05,378.89,388.45,23839220
4/14/2025 4:00,MSFT,393.22,394.65,384.21,387.81,19251172
4/15/2025 4:00,MSFT,388.505,391.89,384.1599,385.73,17199890
4/16/2025 4:00,MSFT,380.67,381.61,368,371.61,21967826
4/17/2025 4:00,MSFT,373.745,374.3215,366.89,367.78,21120192
4/21/2025 4:00,MSFT,362.815,364.48,355.67,359.12,20807279
4/22/2025 4:00,MSFT,363.375,367.77,359.8602,366.82,19484993
4/23/2025 4:00,MSFT,376.06,380.39,373.02,374.39,20545526
4/24/2025 4:00,MSFT,375.695,388.45,375.19,387.3,22232289
4/25/2025 4:00,MSFT,387,392.16,384.6,391.85,18973165
4/28/2025 4:00,MSFT,391.955,392.74,386.638,391.16,16579430
4/29/2025 4:00,MSFT,391.3,395.1,390.38,394.04,14973976
4/30/2025 4:00,MSFT,390.3,396.66,384.44,395.26,36461075
5/1/2025 4:00,MSFT,431.11,436.99,424.9,425.4,58938100
5/2/2025 4:00,MSFT,431.74,439.44,429.985,435.28,30757434
5/5/2025 4:00,MSFT,432.87,439.5,432.11,436.17,20136053
5/6/2025 4:00,MSFT,432.2,437.73,431.17,433.31,15104204
5/7/2025 4:00,MSFT,433.84,438.12,431.1103,433.35,23307241
5/8/2025 4:00,MSFT,437.93,443.67,435.66,438.17,23491330
5/9/2025 4:00,MSFT,440,440.74,435.88,438.73,15324233
5/12/2025 4:00,MSFT,445.94,449.37,439.78,449.26,22821935
5/13/2025 4:00,MSFT,447.78,450.6733,445.36,449.14,23618819
5/14/2025 4:00,MSFT,448.14,453.9,448.14,452.94,19902796
5/15/2025 4:00,MSFT,450.765,456.19,450.4301,453.13,21992323
5/16/2025 4:00,MSFT,452.05,454.36,448.73,454.27,23849781
5/19/2025 4:00,MSFT,450.875,459.585,450.8,458.87,21336509
5/20/2025 4:00,MSFT,455.59,458.34,454.3201,458.17,15441808
5/21/2025 4:00,MSFT,454.57,457.78,451.814,452.57,19216906
5/22/2025 4:00,MSFT,454.95,460.25,453.9,454.86,18025612
5/23/2025 4:00,MSFT,449.98,453.69,448.91,450.18,16883509
5/27/2025 4:00,MSFT,456.48,460.95,456.115,460.69,20974293
5/28/2025 4:00,MSFT,461.22,462.52,456.93,457.36,17086261
5/29/2025 4:00,MSFT,461.55,461.72,455.3105,458.68,13982211
5/30/2025 4:00,MSFT,459.715,461.68,455.54,460.36,34770475
6/2/2025 4:00,MSFT,457.14,462.11,456.89,461.97,16626495
6/3/2025 4:00,MSFT,461.47,464.14,460.8622,462.97,15743760
6/4/2025 4:00,MSFT,464,465.69,463.0201,463.87,14162688
6/5/2025 4:00,MSFT,464.955,469.65,464.03,467.68,20154460
6/6/2025 4:00,MSFT,470.085,473.335,468.78,470.38,15285624
6/9/2025 4:00,MSFT,469.7,473.43,468.62,472.75,16469932
6/10/2025 4:00,MSFT,471.185,472.8,466.96,470.92,15375944
6/11/2025 4:00,MSFT,470.02,475.47,469.655,472.62,16399176
6/12/2025 4:00,MSFT,475.02,480.415,473.52,478.87,18950582
6/13/2025 4:00,MSFT,476.41,479.18,472.76,474.96,16814456
6/16/2025 4:00,MSFT,475.21,480.6943,475,479.14,15626104
6/17/2025 4:00,MSFT,475.395,478.7399,474.08,478.04,15414128
6/18/2025 4:00,MSFT,478,481,474.46,480.24,17526452
6/20/2025 4:00,MSFT,482.23,483.46,476.87,477.4,37576206
6/23/2025 4:00,MSFT,478.21,487.75,472.51,486,24863952
6/24/2025 4:00,MSFT,488.95,491.849,486.795,490.11,22305642
6/25/2025 4:00,MSFT,492.04,494.5556,489.39,492.27,17495099
6/26/2025 4:00,MSFT,492.98,498.04,492.81,497.45,21578853
6/27/2025 4:00,MSFT,497.55,499.3,493.03,495.94,34539236
6/30/2025 4:00,MSFT,497.04,500.76,495.33,497.41,28368991
7/1/2025 4:00,MSFT,496.47,498.05,490.98,492.05,19945375
7/2/2025 4:00,MSFT,489.99,493.5,488.7,491.09,16319641
7/3/2025 4:00,MSFT,493.81,500.13,493.44,498.84,13984829
7/7/2025 4:00,MSFT,497.38,498.75,495.225,497.72,13981605
7/8/2025 4:00,MSFT,497.24,498.2,494.11,496.62,11846586
7/9/2025 4:00,MSFT,500.3,506.78,499.74,503.51,18659538
7/10/2025 4:00,MSFT,503.05,504.44,497.75,501.48,16498740
7/11/2025 4:00,MSFT,498.47,505.03,497.795,503.32,16459512
7/14/2025 4:00,MSFT,501.515,503.97,501.03,503.02,12058848
7/15/2025 4:00,MSFT,503.02,508.3,502.79,505.82,14927202
7/16/2025 4:00,MSFT,505.18,506.72,501.89,505.62,15154374
7/17/2025 4:00,MSFT,505.68,513.37,505.62,511.7,17503129
7/18/2025 4:00,MSFT,514.48,514.64,507.43,510.05,21209666
7/21/2025 4:00,MSFT,506.705,512.09,505.55,510.06,14066805
7/22/2025 4:00,MSFT,510.97,511.2,505.27,505.27,13868644
7/23/2025 4:00,MSFT,506.75,506.79,500.7,505.87,16396585
7/24/2025 4:00,MSFT,508.77,513.67,507.3,510.88,16107000
7/25/2025 4:00,MSFT,512.465,518.29,510.3592,513.71,19125699
7/28/2025 4:00,MSFT,514.08,515,510.12,512.5,14308027
7/29/2025 4:00,MSFT,515.53,517.62,511.56,512.57,16469235
7/30/2025 4:00,MSFT,515.17,515.95,509.435,513.24,26380434
7/31/2025 4:00,MSFT,555.225,555.45,531.9,533.5,51617326
8/1/2025 4:00,MSFT,535,535.8,520.86,524.11,28977628
8/4/2025 4:00,MSFT,528.27,538.25,528.13,535.64,25349004
8/5/2025 4:00,MSFT,537.18,537.3,527.24,527.75,19171569
8/6/2025 4:00,MSFT,530.9,531.7,524.03,524.94,21355702
8/7/2025 4:00,MSFT,526.8,528.09,517.5511,520.84,16079144
8/8/2025 4:00,MSFT,522.6,524.66,519.41,522.04,15531009
8/11/2025 4:00,MSFT,522.3,527.59,519.72,521.77,20194372
8/12/2025 4:00,MSFT,523.75,530.98,522.7,529.24,18688921
8/13/2025 4:00,MSFT,532.11,532.7,519.37,520.58,19619160
8/14/2025 4:00,MSFT,522.56,525.9499,520.14,522.48,20269074
8/15/2025 4:00,MSFT,522.77,526.1,519.08,520.17,25213272
8/18/2025 4:00,MSFT,521.585,522.82,514.02,517.1,23760583
8/19/2025 4:00,MSFT,515,515.1641,508.55,509.77,21481016
8/20/2025 4:00,MSFT,509.865,511,504.44,505.72,27723025
8/21/2025 4:00,MSFT,503.69,507.63,502.7201,504.24,18443254
8/22/2025 4:00,MSFT,504.25,510.73,502.41,507.23,24324161
8/25/2025 4:00,MSFT,506.63,508.19,504.12,504.26,21638579
8/26/2025 4:00,MSFT,504.355,504.9778,498.51,502.04,30835709
8/27/2025 4:00,MSFT,502,507.29,499.9,506.74,17277893
8/28/2025 4:00,MSFT,507.09,511.09,505.5,509.64,18015593
8/29/2025 4:00,MSFT,508.66,509.6,504.4915,506.69,20961569
9/2/2025 4:00,MSFT,500.465,506,496.81,505.12,18127995
9/3/2025 4:00,MSFT,503.79,507.79,502.32,505.35,16345078
9/4/2025 4:00,MSFT,504.3,508.15,503.15,507.97,15509486
9/5/2025 4:00,MSFT,509.07,511.97,492.37,495,31994846
9/8/2025 4:00,MSFT,498.105,501.195,495.03,498.2,16771015
9/9/2025 4:00,MSFT,501.43,502.25,497.7,498.41,14410542
9/10/2025 4:00,MSFT,502.98,503.2299,496.72,500.37,21611816
9/11/2025 4:00,MSFT,502.25,503.17,497.88,501.01,18881608
9/12/2025 4:00,MSFT,506.65,512.55,503.85,509.9,23624884
9/15/2025 4:00,MSFT,508.79,515.47,507,515.36,17143786
9/16/2025 4:00,MSFT,516.88,517.23,508.6,509.04,19711922
9/17/2025 4:00,MSFT,510.62,511.29,505.93,510.02,15816585
9/18/2025 4:00,MSFT,511.49,513.07,507.66,508.45,18913696
9/19/2025 4:00,MSFT,510.56,519.3,510.31,517.93,52474093
9/22/2025 4:00,MSFT,515.59,517.74,512.545,514.45,20009314
9/23/2025 4:00,MSFT,513.8,514.5899,507.31,509.23,19799580
9/24/2025 4:00,MSFT,510.38,512.48,506.92,510.15,13533711
9/25/2025 4:00,MSFT,508.3,510.01,505.04,507.03,15786468
9/26/2025 4:00,MSFT,510.06,513.94,506.62,511.46,16213129
9/29/2025 4:00,MSFT,511.5,516.845,508.88,514.6,17617775
9/30/2025 4:00,MSFT,513.24,518.16,509.66,517.95,19728229
10/1/2025 4:00,MSFT,514.8,520.505,511.69,519.71,22632336
10/2/2025 4:00,MSFT,517.64,521.6,510.6791,515.74,21222886
10/3/2025 4:00,MSFT,517.1,520.49,515,517.35,15112321
10/6/2025 4:00,MSFT,518.61,531.03,518.2,528.57,21388581
10/7/2025 4:00,MSFT,528.285,529.8,521.44,523.98,14615208
10/8/2025 4:00,MSFT,523.28,526.95,523.09,524.85,13363447
10/9/2025 4:00,MSFT,522.335,524.325,517.4,522.4,18343602
10/10/2025 4:00,MSFT,519.64,523.58,509.63,510.96,24133840
10/13/2025 4:00,MSFT,516.41,516.41,511.68,514.05,14284238
10/14/2025 4:00,MSFT,510.225,515.282,506,513.57,14684300
10/15/2025 4:00,MSFT,514.955,517.19,510,513.43,14694654
10/16/2025 4:00,MSFT,512.58,516.85,508.13,511.61,15559565
10/17/2025 4:00,MSFT,509.04,515.48,507.31,513.58,19867765
10/20/2025 4:00,MSFT,514.61,518.7,513.43,516.79,14665620
10/21/2025 4:00,MSFT,517.5,518.69,513.04,517.66,15586204
10/22/2025 4:00,MSFT,521.15,525.23,517.71,520.54,18962694
10/23/2025 4:00,MSFT,522.46,523.95,518.61,520.56,14023532
10/24/2025 4:00,MSFT,522.79,525.345,520.71,523.61,15532260
10/27/2025 4:00,MSFT,531.78,534.58,529.01,531.52,18734716
10/28/2025 4:00,MSFT,550,553.72,540.77,542.07,29986683
10/29/2025 4:00,MSFT,544.94,546.27,536.7287,541.55,36023004
10/30/2025 4:00,MSFT,530.48,534.97,522.12,525.76,41023088
10/31/2025 4:00,MSFT,528.875,529.32,515.1,517.81,34006324
11/3/2025 5:00,MSFT,519.805,524.96,514.59,517.03,22374742
11/4/2025 5:00,MSFT,511.76,515.55,507.84,514.33,20958663
11/5/2025 5:00,MSFT,513.3,514.83,506.575,507.16,23024342
11/6/2025 5:00,MSFT,505.66,505.7,495.81,497.1,27406496
11/7/2025 5:00,MSFT,496.945,499.377,493.25,496.82,24019744
11/10/2025 5:00,MSFT,500.035,506.85,498.8,506,26101380
11/11/2025 5:00,MSFT,504.8,509.6,502.3488,508.68,17980020
11/12/2025 5:00,MSFT,509.355,511.67,499.1201,511.14,26574851
11/13/2025 5:00,MSFT,510.31,513.5,501.29,503.29,25273114
11/14/2025 5:00,MSFT,498.23,511.6,497.44,510.18,28505746
11/17/2025 5:00,MSFT,508.45,512.12,504.91,507.49,19092752
11/18/2025 5:00,MSFT,495.365,502.98,486.78,493.79,33814974
11/19/2025 5:00,MSFT,490.1,495.1872,482.83,487.12,23245311
11/20/2025 5:00,MSFT,492.71,493.57,475.5,478.43,26802442
